mysql> use cxm1569;
Database changed
mysql> show tables;
+-------------------+
| Tables_in_cxm1569 |
+-------------------+
| department        |
| dependent         |
| dept_locations    |
| employee          |
| project           |
| works_on          |
+-------------------+
6 rows in set (0.01 sec)

mysql> source DBTable.txt;
ERROR 1050 (42S01): Table 'employee' already exists
ERROR 1050 (42S01): Table 'department' already exists
ERROR 1050 (42S01): Table 'dept_locations' already exists
ERROR 1050 (42S01): Table 'project' already exists
ERROR 1050 (42S01): Table 'works_on' already exists
ERROR 1050 (42S01): Table 'dependent' already exists
mysql> DESCRIBE DEPARTMENT;
+----------------+--------------+------+-----+---------+----------------+
| Field          | Type         | Null | Key | Default | Extra          |
+----------------+--------------+------+-----+---------+----------------+
| DepartmentID   | int          | NO   | PRI | NULL    | auto_increment |
| DepartmentName | varchar(100) | YES  |     | NULL    |                |
+----------------+--------------+------+-----+---------+----------------+
2 rows in set (0.02 sec)

mysql> source table.txt;
ERROR: 
Failed to open file 'table.txt', error: 2
mysql> source CREATE_TABLES_P1.txt;
ERROR: 
Failed to open file 'CREATE_TABLES_P1.txt', error: 2
mysql> source CREATE_TABLES.txt;
ERROR: 
Failed to open file 'CREATE_TABLES.txt', error: 2
mysql> source text.txt;
ERROR: 
Failed to open file 'text.txt', error: 2
mysql> source DBTable.txt;
ERROR: 
Failed to open file 'DBTable.txt', error: 2
mysql> tee OUTPUT1.lst;
mysql> use cxm1569;
Database changed
mysql> show tables;
+-------------------+
| Tables_in_cxm1569 |
+-------------------+
| department        |
| dependent         |
| dept_locations    |
| employee          |
| project           |
| works_on          |
+-------------------+
6 rows in set (0.01 sec)

mysql> source DBTable.txt;
ERROR 1050 (42S01): Table 'employee' already exists
ERROR 1050 (42S01): Table 'department' already exists
ERROR 1050 (42S01): Table 'dept_locations' already exists
ERROR 1050 (42S01): Table 'project' already exists
ERROR 1050 (42S01): Table 'works_on' already exists
ERROR 1050 (42S01): Table 'dependent' already exists
mysql> DESCRIBE department;
+----------------+--------------+------+-----+---------+----------------+
| Field          | Type         | Null | Key | Default | Extra          |
+----------------+--------------+------+-----+---------+----------------+
| DepartmentID   | int          | NO   | PRI | NULL    | auto_increment |
| DepartmentName | varchar(100) | YES  |     | NULL    |                |
+----------------+--------------+------+-----+---------+----------------+
2 rows in set (0.01 sec)

mysql> mysql> use cxm1569;
Database changed
mysql> show tables;
+-------------------+
| Tables_in_cxm1569 |
+-------------------+
| department        |
| dependent         |
| dept_locations    |
| employee          |
| project           |
| works_on          |
+-------------------+
6 rows in set (0.01 sec)

mysql> select * from department;
+------------+---------+-----------+----------------+
| Dname      | Dnumber | Mgr_ssn   | Mgr_start_date |
+------------+---------+-----------+----------------+
| Test       |       2 | 555555500 | 2010-02-02     |
| Networking |       3 | 110110110 | 2009-05-15     |
| Software   |       6 | 111111100 | 1999-05-15     |
| Hardware   |       7 | 444444400 | 1998-05-15     |
| Sales      |       8 | 555555500 | 1997-01-01     |
| HR         |       9 | 112244668 | 1989-02-01     |
| QA         |      11 | 913323708 | 2010-02-02     |
+------------+---------+-----------+----------------+
7 rows in set (0.01 sec)

mysql> select * from employee;
+----------+-------+-----------+-----------+------------+--------------------------------+------+----------+-----------+------+---------------+
| Fname    | Minit | Lname     | Ssn       | Bdate      | Address                        | Sex  | Salary   | Super_ssn | Dno  | OverTimeCount |
+----------+-------+-----------+-----------+------------+--------------------------------+------+----------+-----------+------+---------------+
| Alex     | C     | Yu        | 001614905 | 1980-10-17 | 626 Mary St Dallas TX          | M    | 50000.00 | 444444400 |    6 |             0 |
| Lisa     | G     | House     | 101248268 | 1975-06-29 | 12 Maple St Austin TX          | F    | 85000.00 | NULL      |    7 |             0 |
| Sunil    | D     | Gupta     | 110110110 | 2001-02-01 | 4312 Bowen Rd Arlington TX     | M    | 80000.00 | 111111100 |    3 |             0 |
| Jared    | D     | James     | 111111100 | 1966-10-10 | 123 Peachtr Atlanta GA         | M    | 85000.00 | NULL      |    6 |             0 |
| Jon      | C     | Jones     | 111111101 | 1967-11-14 | 111 Allgood Atlanta GA         | M    | 45000.00 | 111111100 |    6 |             0 |
| Justin   | null  | Mark      | 111111102 | 1966-01-12 | 2342 May Atlanta GA            | M    | 40000.00 | 111111100 |    6 |             0 |
| Brad     | C     | Knight    | 111111103 | 1968-02-13 | 176 Main St. Atlanta GA        | M    | 44000.00 | 111111100 |    6 |             0 |
| Juan     | G     | Linda     | 112244668 | 1965-06-23 | 1210 Apple St Austin TX        | F    | 55000.00 | NULL      |    9 |             0 |
| Debra    | T     | Hall      | 202843824 | 1983-03-11 | 45 NY St Rochester NY          | F    | 30000.00 | 555555501 |    6 |             0 |
| Richard  | T     | Koelbel   | 214370999 | 1976-04-03 | 50 Elk St Chicago IL           | M    | 85000.00 | 999999999 |    4 |             0 |
| Evan     | E     | Wallis    | 222222200 | 1958-01-16 | 134 Pelham Milwaukee WI        | M    | 92000.00 | NULL      |    7 |             0 |
| Josh     | U     | Zell      | 222222201 | 1954-05-22 | 266 McGrady Milwaukee WI       | M    | 56000.00 | 222222200 |    7 |             0 |
| Andy     | C     | Vile      | 222222202 | 1944-06-21 | 1967 Jordan Milwaukee WI       | M    | 53000.00 | 222222200 |    7 |             0 |
| Tom      | G     | Brand     | 222222203 | 1966-12-16 | 112 Third St Milwaukee WI      | M    | 62500.00 | 222222200 |    7 |             0 |
| Jenny    | F     | Vos       | 222222204 | 1967-11-11 | 263 Mayberry Milwaukee WI      | F    | 61000.00 | 222222201 |    7 |             0 |
| Chris    | A     | Carter    | 222222205 | 1960-03-21 | 565 Jordan Milwaukee WI        | F    | 43000.00 | 222222201 |    7 |             0 |
| John     | T     | Ed        | 222333444 | 1981-02-18 | 4505 West St Rochester NY      | M    | 30000.00 | 555555501 |    6 |             0 |
| Jennifer | A     | Joy       | 223344667 | 1976-05-19 | 1204 Main St Miami FL          | F    | 45000.00 | 666666613 |    8 |             0 |
| willie   | D     | Mary      | 234234234 | 1961-12-20 | 101 South St Arlington TX      | F    | 12000.00 | 112244668 |    9 |             0 |
| Erin     | A     | Maxfield  | 242535609 | 1971-12-22 | 123 Copper St Arlington TX     | F    | 72000.00 | 555555500 |    8 |             0 |
| Wilson   | A     | Holmes    | 242916639 | 1971-06-02 | 21 South Co Arlington TX       | M    | 72500.00 | 555555500 |    4 |             0 |
| Jake     | D     | Sheen     | 245239264 | 1954-12-25 | 20 North Co Arlington TX       | M    | 52000.00 | 112244668 |    6 |             0 |
| Megan    | G     | Jones     | 254937381 | 1961-03-02 | 528 Stone CT Chicago IL        | F    | 62000.00 | 666666600 |    8 |             0 |
| Jisha    | A     | Carpenter | 292740167 | 1985-05-29 | 194 Beachdr Miami FL           | F    | 15000.00 | 666666613 |    1 |             0 |
| Kim      | C     | Grace     | 333333300 | 1970-10-23 | 667 Mills Ave Sacramento CA    | F    | 79000.00 | NULL      |    6 |             0 |
| Jeff     | H     | Chase     | 333333301 | 1970-01-07 | 15 Bradbury Sacramento CA      | M    | 44000.00 | 333333300 |    6 |             0 |
| Jose     | H     | Barbara   | 343434344 | 1955-02-28 | 905 East St Kleen TX           | F    | 35000.00 | 444444400 |    6 |             0 |
| Leonard  | H     | Moody     | 349273344 | 1973-02-09 | 908 Greek Row Austin TX        | M    | 45000.00 | 444444400 |    7 |             0 |
| Percy    | M     | Liang     | 398172999 | 1991-06-12 | 14 Maple St Austin TX          | M    | 55000.00 | NULL      |    9 |             0 |
| Cindy    | K     | Burklow   | 432765098 | 1984-02-23 | 2015 Neil Ave Miami FL         | F    | 45000.00 | 444444402 |    6 |             0 |
| Gregory  | G     | Laurie    | 444212096 | 1969-09-15 | 78 Tree Cir Houston TX         | M    | 90000.00 | 444444400 |    7 |             0 |
| Kim      | G     | Ted       | 444222666 | 1968-04-15 | 3648 Tree Cir Austin TX        | M    | 50000.00 | 999999999 |    8 |             0 |
| Alex     | D     | Freed     | 444444400 | 1950-10-09 | 4333 Pillsbury Milwaukee WI    | M    | 89000.00 | NULL      |    7 |             0 |
| Bonnie   | S     | Bays      | 444444401 | 1956-06-19 | 111 Hollow Milwaukee WI        | F    | 70000.00 | 444444400 |    7 |             0 |
| Alec     | C     | Best      | 444444402 | 1966-06-18 | 233 Solid Milwaukee WI         | M    | 60000.00 | 444444400 |    7 |             0 |
| Sam      | S     | Snedden   | 444444403 | 1977-07-31 | 97 Windy St Milwaukee WI       | M    | 48000.00 | 444444400 |    7 |             0 |
| John     | C     | James     | 555555500 | 1975-06-30 | 766 Bloomington Sacramento CA  | M    | 81000.00 | NULL      |    8 |             0 |
| Nandita  | K     | Ball      | 555555501 | 1969-04-16 | 222 Howard Sacramento CA       | M    | 62000.00 | 555555500 |    6 |             0 |
| Andrea   | M     | Sondrini  | 614370310 | 1996-12-30 | 1450 Worthington St Houston TX | F    | 65000.00 | 444444401 |    5 |             0 |
| Michael  | A     | Morgan    | 636669233 | 1984-05-11 | 26 Sunset Blvd Miami FL        | M    | 73500.00 | 666666612 |    5 |             0 |
| Bob      | B     | Bender    | 666666600 | 1968-04-17 | 8794 Garfield Chicago IL       | M    | 96000.00 | NULL      |    8 |             0 |
| Jill     | J     | Jarvis    | 666666601 | 1966-01-14 | 6234 Lincoln Chicago IL        | F    | 36000.00 | 666666600 |    8 |             0 |
| Kate     | W     | King      | 666666602 | 1966-04-16 | 1976 Boone Trace Chicago IL    | F    | 44000.00 | 666666600 |    8 |             0 |
| Lyle     | G     | Leslie    | 666666603 | 1963-06-09 | 417 Hancock Ave Chicago IL     | M    | 41000.00 | 666666601 |    8 |             0 |
| Billie   | J     | King      | 666666604 | 1960-01-01 | 556 Washington Chicago IL      | F    | 38000.00 | 666666603 |    8 |             0 |
| Jon      | A     | Kramer    | 666666605 | 1964-08-22 | 1988 Windy Creek Seattle WA    | M    | 41500.00 | 666666603 |    8 |             0 |
| Ray      | H     | King      | 666666606 | 1949-08-16 | 213 Delk Road Seattle WA       | M    | 44500.00 | 666666604 |    8 |             0 |
| Gerald   | D     | Small     | 666666607 | 1962-05-15 | 122 Ball Street Dallas TX      | M    | 29000.00 | 666666602 |    8 |             0 |
| Arnold   | A     | Head      | 666666608 | 1967-05-19 | 233 Spring St Dallas TX        | M    | 33000.00 | 666666602 |    8 |             0 |
| Helga    | C     | Pataki    | 666666609 | 1969-03-11 | 101 Holyoke St Dallas TX       | F    | 32000.00 | 666666602 |    8 |             0 |
| Naveen   | B     | Drew      | 666666610 | 1970-05-23 | 198 Elm St Philadelphia PA     | M    | 34000.00 | 666666607 |    8 |             0 |
| Carl     | E     | Reedy     | 666666611 | 1977-06-21 | 213 Ball St Philadelphia PA    | M    | 32000.00 | 666666610 |    8 |             0 |
| Sammy    | G     | Hall      | 666666612 | 1970-01-11 | 433 Main Street Miami FL       | M    | 37000.00 | 666666611 |    8 |             0 |
| Red      | A     | Bacher    | 666666613 | 1980-05-21 | 196 Elm Street Miami FL        | M    | 33500.00 | 666666612 |    8 |             0 |
| Penny    | G     | Wolowitz  | 673466642 | 1974-01-21 | 42 South Blvd Miami FL         | F    | 17000.00 | 222333444 |    6 |             0 |
| James    | E     | Jordan    | 888665151 | 1927-11-10 | 450 Stone Houston TX           | M    | 55000.00 | NULL      |    1 |             0 |
| James    | E     | Jordan    | 888665155 | 1927-11-10 | 450 Stone, Houston, TX         | M    | 55000.00 | NULL      |    1 |             0 |
| James    | U     | Miller    | 906218888 | 1978-05-27 | 13 Fifth St Seattle WA         | M    | 75000.00 | 999999999 |    5 |             0 |
| Joseph   | K     | Kirkish   | 913323708 | 1996-03-04 | 22 UT Blvd Austin TX           | M    | 95000.00 | NULL      |    7 |             0 |
| Zach     | A     | Geller    | 913353347 | 1990-08-15 | 333 PikeWay Seattle WA         | M    | 55000.00 | 444444403 |    6 |             0 |
| Roy      | C     | Lewallen  | 999999999 | 1977-03-02 | 14 Wynncrest Street Dallas TX  | M    | 75500.00 | 666666600 |    8 |             0 |
+----------+-------+-----------+-----------+------------+--------------------------------+------+----------+-----------+------+---------------+
61 rows in set (0.01 sec)

mysql> select * from dependent;
+-----------+----------------+------+------------+--------------+
| Essn      | Dependent_name | Sex  | Bdate      | Relationship |
+-----------+----------------+------+------------+--------------+
| 222222200 | Jay Wallis     | M    | 1956-01-16 | Spouse       |
| 222222202 | Amenda Vile    | F    | 1914-06-21 | Children     |
| 222222202 | Mindy Vile     | F    | 1942-06-21 | Spouse       |
| 222222204 | Amy Vos        | F    | 1963-11-11 | Spouse       |
| 222222204 | james Vos      | M    | 1937-11-11 | Children     |
| 444444400 | Kathy          | F    | 1944-10-09 | Spouse       |
| 444444401 | Amy Bayes      | F    | 1926-06-18 | Children     |
| 444444401 | Tom Bayes      | M    | 1926-06-20 | Children     |
| 444444401 | William Bayes  | M    | 1954-06-19 | Spouse       |
| 666666601 | Mary Jarvice   | F    | 1964-01-14 | Spouse       |
| 666666602 | Bond King      | M    | 1964-04-16 | Spouse       |
| 666666604 | Monia King     | F    | 1955-01-01 | Spouse       |
| 666666605 | Aly Kramer     | F    | 1961-08-22 | Spouse       |
| 666666606 | Chistina King  | F    | 1948-08-16 | Spouse       |
| 666666607 | Alex Small     | F    | 1960-05-15 | Spouse       |
| 666666608 | Katherin Head  | F    | 1964-05-19 | Spouse       |
| 666666608 | Monica Head    | F    | 1937-05-19 | Children     |
| 666666608 | Rachel Head    | M    | 1937-05-18 | Children     |
| 888665151 | Mary Alice     | F    | 1924-11-10 | Spouse       |
+-----------+----------------+------+------------+--------------+
19 rows in set (0.01 sec)

mysql> select * from dept_locations;
+---------+-------------+
| Dnumber | Dlocation   |
+---------+-------------+
|       2 | Austin      |
|       6 | Atlanta     |
|       6 | Sacramento  |
|       7 | Milwaukee   |
|       8 | Chicago     |
|       8 | Dallas      |
|       8 | Miami       |
|       8 | Philadephia |
|       8 | Seattle     |
|       9 | Arlington   |
|       9 | Austin      |
|      11 | Austin      |
+---------+-------------+
12 rows in set (0.02 sec)

mysql> tee OUTPUT3.lst;
